"grid_cell_NE","DEM_val","roads_val","NLCD_val","NLCD_label"
1,1159.53466796875,33.2867622375488,5,"forest"
2,1376.79895019531,19.4406814575195,7,"grassland"
3,1414.05786132812,10.9427032470703,7,"grassland"
4,1223.10498046875,11.4225254058838,5,"forest"
5,923.987243652344,6.9894437789917,5,"forest"
6,684.605346679688,26.6891574859619,5,"forest"
7,810.695373535156,18.0876045227051,5,"forest"
8,962.631164550781,3.95918726921082,5,"forest"
9,1044.47900390625,9.27521705627441,5,"forest"
10,880.039428710938,22.4227542877197,5,"forest"
11,693.726257324219,35.2772750854492,5,"forest"
12,643.089111328125,25.3733787536621,5,"forest"
13,704.919189453125,22.1389598846436,5,"forest"
14,802.211242675781,6.14920520782471,5,"forest"
15,896.241455078125,28.2915306091309,5,"forest"
16,987.500732421875,22.4465923309326,5,"forest"
17,962.389770507812,31.713399887085,5,"forest"
18,1238.44592285156,15.9042148590088,5,"forest"
19,1535.24426269531,0,5,"forest"
20,1301.23645019531,3.67987537384033,5,"forest"
21,904.132202148438,44.4135513305664,5,"forest"
22,884.718811035156,17.3343715667725,5,"forest"
23,1129.80297851562,16.3498077392578,5,"forest"
24,1292.94506835938,25.0218238830566,5,"forest"
25,1378.20678710938,20.8459873199463,5,"forest"
26,1547.2080078125,4.29497241973877,5,"forest"
27,1447.86865234375,0,5,"forest"
28,1124.32409667969,14.2342872619629,5,"forest"
29,1048.96118164062,13.0348854064941,5,"forest"
30,1254.97863769531,28.3179187774658,5,"forest"
31,1392.10815429688,29.658899307251,7,"grassland"
32,1386.39318847656,20.300163269043,7,"grassland"
33,1240.5205078125,13.2266569137573,5,"forest"
34,1016.39282226562,0,5,"forest"
35,724.367370605469,26.6664924621582,5,"forest"
36,759.867614746094,15.0198240280151,5,"forest"
37,923.077209472656,8.67207813262939,5,"forest"
38,902.952819824219,19.266471862793,5,"forest"
39,689.415344238281,16.7806453704834,5,"forest"
40,576.552856445312,30.2988986968994,5,"forest"
41,671.880981445312,20.9696006774902,5,"forest"
42,827.957702636719,27.2625026702881,5,"forest"
43,909.435363769531,31.801082611084,5,"forest"
44,874.224975585938,20.6468391418457,5,"forest"
45,791.790588378906,34.1207466125488,5,"forest"
46,921.531433105469,21.1171932220459,5,"forest"
47,1263.92919921875,27.5884075164795,5,"forest"
48,1426.4208984375,3.27452540397644,5,"forest"
49,1102.10473632812,9.43663787841797,5,"forest"
50,903.674011230469,35.2212982177734,5,"forest"
51,1010.12609863281,9.87557220458984,5,"forest"
52,1176.25280761719,14.112865447998,5,"forest"
53,1327.65783691406,42.0967674255371,5,"forest"
54,1473.42846679688,26.4282150268555,5,"forest"
55,1553.61059570312,7.11162519454956,5,"forest"
56,1363.14672851562,23.1481666564941,5,"forest"
57,1142.26354980469,20.6781520843506,5,"forest"
58,986.146301269531,3.37495684623718,5,"forest"
59,1417.50146484375,11.6415557861328,7,"grassland"
60,1537.97863769531,13.5993843078613,7,"grassland"
61,1520.14221191406,11.8621406555176,7,"grassland"
62,1278.06420898438,16.7151870727539,5,"forest"
63,1017.39892578125,17.765718460083,5,"forest"
64,729.854370117188,21.6302700042725,5,"forest"
65,624.323669433594,24.1051769256592,5,"forest"
66,744.553344726562,14.7507791519165,5,"forest"
67,740.424926757812,16.7912788391113,5,"forest"
68,606.193725585938,19.4760818481445,5,"forest"
69,739.640319824219,45.8269538879395,5,"forest"
70,860.332458496094,21.1318378448486,5,"forest"
71,862.537170410156,33.4266357421875,5,"forest"
72,940.103149414062,33.7380867004395,5,"forest"
73,948.963012695312,27.7054176330566,5,"forest"
74,850.690307617188,15.306022644043,5,"forest"
75,948.331909179688,22.6017417907715,5,"forest"
76,1167.67700195312,22.0358848571777,5,"forest"
77,1204.27758789062,13.5893907546997,5,"forest"
78,928.913757324219,22.7555503845215,5,"forest"
79,985.297302246094,23.4510726928711,5,"forest"
80,1172.65344238281,9.56576347351074,5,"forest"
81,1224.26098632812,7.01819705963135,5,"forest"
82,1424.41577148438,17.469352722168,5,"forest"
83,1608.41528320312,19.231840133667,5,"forest"
84,1539.02648925781,11.7455224990845,5,"forest"
85,1363.61108398438,22.6520900726318,5,"forest"
86,1330.45422363281,24.9908790588379,5,"forest"
87,1258.94116210938,1.88741171360016,5,"forest"
88,1469.33129882812,1.2708660364151,7,"grassland"
89,1514.03588867188,2.93855667114258,7,"grassland"
90,1386.88854980469,12.4591264724731,7,"grassland"
91,1292.93920898438,10.2094831466675,5,"forest"
92,1133.69091796875,5.99854373931885,5,"forest"
93,874.762084960938,16.5646438598633,5,"forest"
94,624.158752441406,21.0846347808838,5,"forest"
95,583.990234375,22.6950416564941,6,"shrubland"
96,629.701354980469,23.0331687927246,6,"shrubland"
97,655.413208007812,14.1799030303955,5,"forest"
98,829.597717285156,51.680492401123,5,"forest"
99,937.927185058594,14.3958768844604,5,"forest"
100,942.970947265625,30.7943992614746,5,"forest"
101,1064.55700683594,40.8744087219238,5,"forest"
102,1100.00622558594,31.6680545806885,5,"forest"
103,948.048645019531,34.078010559082,5,"forest"
104,1034.16748046875,19.7458477020264,5,"forest"
105,1183.66125488281,20.7978401184082,5,"forest"
106,1076.98620605469,19.3912811279297,5,"forest"
107,810.883178710938,35.5856170654297,5,"forest"
108,895.736389160156,31.4281959533691,5,"forest"
109,1141.93896484375,26.3188762664795,5,"forest"
110,1304.33911132812,11.2380647659302,5,"forest"
111,1408.52905273438,10.5509662628174,5,"forest"
112,1493.68518066406,22.354564666748,5,"forest"
113,1441.20959472656,2.13256764411926,5,"forest"
114,1292.71472167969,10.8443813323975,5,"forest"
115,1341.70166015625,7.32463264465332,5,"forest"
116,1321.11828613281,48.8939552307129,5,"forest"
117,1536.14978027344,2.65814661979675,7,"grassland"
118,1552.55187988281,9.87414264678955,7,"grassland"
119,1360.67370605469,11.0898199081421,5,"forest"
120,1215.85583496094,11.6271705627441,5,"forest"
121,1165.65881347656,5.73193407058716,5,"forest"
122,1055.02551269531,24.3389110565186,7,"grassland"
123,692.643371582031,27.6650772094727,7,"grassland"
124,571.596984863281,28.4896202087402,5,"forest"
125,610.887084960938,23.9405956268311,5,"forest"
126,607.944213867188,26.5816631317139,5,"forest"
127,754.438110351562,24.7646160125732,5,"forest"
128,998.689514160156,17.2511558532715,5,"forest"
129,1209.74780273438,11.9172811508179,5,"forest"
130,1296.56530761719,19.1625785827637,5,"forest"
131,1153.57165527344,16.2896671295166,5,"forest"
132,972.744079589844,10.9885320663452,5,"forest"
133,1104.30102539062,19.5452251434326,5,"forest"
134,1168.10522460938,17.8405857086182,5,"forest"
135,1025.90966796875,31.4167537689209,5,"forest"
136,805.856811523438,23.9688510894775,5,"forest"
137,798.258361816406,45.9898223876953,5,"forest"
138,1217.60717773438,23.4292373657227,5,"forest"
139,1594.77111816406,10.5576257705688,5,"forest"
140,1609.66625976562,6.67498159408569,5,"forest"
141,1482.59692382812,7.19004201889038,5,"forest"
142,1345.81750488281,0.450539350509644,5,"forest"
143,1175.40686035156,14.8559494018555,5,"forest"
144,1096.97521972656,25.8079032897949,5,"forest"
145,1159.09362792969,28.4518203735352,5,"forest"
146,1624.50134277344,0,6,"shrubland"
147,1668.49658203125,5.45225477218628,5,"forest"
148,1462.76049804688,0,5,"forest"
149,1240.84289550781,11.0108766555786,5,"forest"
150,1114.123046875,22.939826965332,5,"forest"
151,955.271728515625,24.5283756256104,5,"forest"
152,693.771667480469,22.1171035766602,6,"shrubland"
153,546.347900390625,24.0423564910889,5,"forest"
154,552.081176757812,18.1933326721191,5,"forest"
155,568.828918457031,23.2397308349609,5,"forest"
156,755.304748535156,17.155086517334,5,"forest"
157,1007.56402587891,28.4036655426025,5,"forest"
158,1262.57348632812,22.8349266052246,5,"forest"
159,1232.740234375,15.8655853271484,5,"forest"
160,1070.69104003906,25.5618000030518,5,"forest"
161,1144.1083984375,18.1123828887939,5,"forest"
162,1194.79138183594,30.548828125,5,"forest"
163,1181.71789550781,19.7525329589844,5,"forest"
164,1078.99499511719,12.6572408676147,5,"forest"
165,881.395812988281,18.0119342803955,5,"forest"
166,792.665100097656,33.9005661010742,5,"forest"
167,1087.29797363281,17.0809421539307,5,"forest"
168,1352.16784667969,22.5644187927246,5,"forest"
169,1373.9189453125,9.50160980224609,5,"forest"
170,1352.31384277344,9.36130714416504,5,"forest"
171,1206.31506347656,4.06517362594604,5,"forest"
172,1135.03796386719,22.4937324523926,5,"forest"
173,1123.86279296875,26.5503749847412,5,"forest"
174,1025.78942871094,22.3086280822754,5,"forest"
175,1656.84045410156,0,5,"forest"
176,1716.65893554688,8.25907325744629,5,"forest"
177,1539.26892089844,2.16248679161072,5,"forest"
178,1281.24572753906,23.7787609100342,5,"forest"
179,1120.51257324219,26.902027130127,5,"forest"
180,1080.33557128906,18.4371852874756,5,"forest"
181,814.844177246094,14.7855358123779,5,"forest"
182,491.876098632812,18.3235416412354,1,"water"
183,564.508422851562,33.8325309753418,5,"forest"
184,696.997680664062,19.4836502075195,5,"forest"
185,750.124816894531,22.7423496246338,5,"forest"
186,980.713745117188,19.2721900939941,5,"forest"
187,1190.83386230469,13.4674091339111,5,"forest"
188,1089.55554199219,25.1551742553711,5,"forest"
189,1057.74670410156,9.28395843505859,5,"forest"
190,1212.28881835938,13.045841217041,5,"forest"
191,1274.64245605469,18.0598602294922,5,"forest"
192,1194.46704101562,16.1987438201904,5,"forest"
193,1098.39147949219,15.2970943450928,5,"forest"
194,996.344909667969,11.5093383789062,5,"forest"
195,828.843444824219,18.0244064331055,5,"forest"
196,853.289489746094,22.9092826843262,5,"forest"
197,1012.48785400391,8.66498851776123,5,"forest"
198,1119.33337402344,12.8257761001587,5,"forest"
199,1197.00671386719,7.29861640930176,5,"forest"
200,1189.61437988281,14.2308568954468,5,"forest"
201,1118.31970214844,32.0950546264648,5,"forest"
202,996.803649902344,23.7411804199219,5,"forest"
203,891.506713867188,25.7514114379883,5,"forest"
204,1654.36791992188,0,5,"forest"
205,1492.5341796875,12.9099683761597,5,"forest"
206,1436.27893066406,17.0690135955811,5,"forest"
207,1409.68322753906,9.58446311950684,5,"forest"
208,1259.85217285156,5.17679691314697,5,"forest"
209,1167.88684082031,33.8218803405762,5,"forest"
210,941.072082519531,8.28860092163086,5,"forest"
211,543.547241210938,25.753999710083,1,"water"
212,613.087524414062,30.7529106140137,5,"forest"
213,755.229736328125,37.3260307312012,5,"forest"
214,721.239624023438,18.959981918335,5,"forest"
215,839.028137207031,9.24662399291992,5,"forest"
216,1011.79248046875,12.2013397216797,5,"forest"
217,923.92333984375,18.7826080322266,5,"forest"
218,982.79638671875,13.8247871398926,5,"forest"
219,1056.77355957031,13.4749116897583,5,"forest"
220,1129.623046875,26.5306911468506,5,"forest"
221,1116.31408691406,35.7597770690918,5,"forest"
222,1164.01831054688,12.7743873596191,5,"forest"
223,1210.14306640625,0.37552073597908,5,"forest"
224,943.196594238281,4.19778108596802,5,"forest"
225,813.372314453125,30.3952388763428,5,"forest"
226,911.613952636719,21.9914455413818,5,"forest"
227,992.254821777344,15.7852344512939,5,"forest"
228,1166.84167480469,20.9013385772705,5,"forest"
229,1200.94934082031,1.60659563541412,5,"forest"
230,1056.58032226562,19.5249423980713,5,"forest"
231,957.691772460938,34.9460716247559,5,"forest"
232,928.181030273438,21.3055763244629,5,"forest"
233,1613.66979980469,8.62068939208984,5,"forest"
234,1502.85876464844,7.60140895843506,5,"forest"
235,1301.69140625,12.8140325546265,5,"forest"
236,1103.89660644531,23.2294902801514,5,"forest"
237,996.638549804688,19.9091682434082,5,"forest"
238,861.678344726562,26.9181175231934,5,"forest"
239,673.624694824219,27.2803478240967,6,"shrubland"
240,471.354370117188,35.113883972168,5,"forest"
241,504.354095458984,57.1176414489746,5,"forest"
242,558.27880859375,27.850564956665,6,"shrubland"
243,628.518310546875,23.1915397644043,5,"forest"
244,689.758911132812,16.9066410064697,5,"forest"
245,770.650268554688,17.940465927124,5,"forest"
246,1050.40124511719,8.92435550689697,5,"forest"
247,1201.28833007812,27.7922592163086,5,"forest"
248,1112.94555664062,10.0972700119019,5,"forest"
249,1136.03588867188,8.65230464935303,5,"forest"
250,1119.35131835938,16.7008762359619,5,"forest"
251,1171.07653808594,20.8605442047119,5,"forest"
252,1183.02734375,1.57652425765991,5,"forest"
253,999.657470703125,6.37759304046631,5,"forest"
254,837.167297363281,33.8360176086426,5,"forest"
255,827.230895996094,21.4860668182373,5,"forest"
256,1011.66607666016,8.0610408782959,5,"forest"
257,1273.32409667969,9.17430305480957,5,"forest"
258,1312.86315917969,0.300394028425217,5,"forest"
259,1187.9296875,17.6483383178711,5,"forest"
260,1008.86364746094,31.5287418365479,5,"forest"
261,849.698303222656,21.6679630279541,5,"forest"
262,1610.37756347656,0,5,"forest"
263,1396.94128417969,6.73939561843872,5,"forest"
264,1241.90747070312,16.41455078125,5,"forest"
265,1093.2431640625,16.3358135223389,5,"forest"
266,1006.89459228516,16.1075248718262,5,"forest"
267,846.380859375,14.8908176422119,5,"forest"
268,590.968139648438,23.2379779815674,5,"forest"
269,564.424621582031,22.5928707122803,1,"water"
270,775.667297363281,17.7379417419434,5,"forest"
271,751.250427246094,18.0142955780029,5,"forest"
272,587.772216796875,24.5761795043945,5,"forest"
273,588.339294433594,101.883285522461,5,"forest"
274,712.304870605469,34.8896636962891,5,"forest"
275,905.211853027344,13.0919256210327,5,"forest"
276,1030.97827148438,19.5017375946045,5,"forest"
277,1040.02221679688,16.6025829315186,5,"forest"
278,1054.23278808594,19.443675994873,5,"forest"
279,1082.24963378906,25.0085048675537,5,"forest"
280,1198.27587890625,33.3883247375488,5,"forest"
281,1215.76647949219,22.6088409423828,5,"forest"
282,983.472534179688,15.7523612976074,5,"forest"
283,779.788879394531,15.375994682312,5,"forest"
284,760.748107910156,40.0847358703613,5,"forest"
285,943.188903808594,19.606071472168,5,"forest"
286,1252.02404785156,13.5429229736328,5,"forest"
287,1319.3720703125,12.9829769134521,5,"forest"
288,1105.83776855469,45.1020736694336,5,"forest"
289,967.611572265625,41.7432136535645,5,"forest"
290,895.219482421875,29.8094959259033,5,"forest"
291,1525.52990722656,3.01032209396362,5,"forest"
292,1506.21789550781,7.41565418243408,5,"forest"
293,1266.46899414062,17.4865264892578,5,"forest"
294,1217.61413574219,15.3024854660034,5,"forest"
295,1131.263671875,4.25645065307617,5,"forest"
296,766.997131347656,15.8190059661865,5,"forest"
297,534.302795410156,19.9919548034668,6,"shrubland"
298,809.806701660156,20.4523086547852,5,"forest"
299,1146.9765625,10.9966926574707,5,"forest"
300,1052.82385253906,9.00456523895264,5,"forest"
301,739.233459472656,21.5574512481689,5,"forest"
302,584.377685546875,35.4168853759766,8,"fields_crops"
303,683.297485351562,19.0259952545166,5,"forest"
304,758.93603515625,22.7696418762207,5,"forest"
305,838.824462890625,29.5164203643799,5,"forest"
306,902.639892578125,19.6302928924561,5,"forest"
307,1059.390625,10.7112607955933,5,"forest"
308,1285.84582519531,1.52254092693329,5,"forest"
309,1328.58129882812,18.1444816589355,5,"forest"
310,1188.96374511719,31.1123218536377,5,"forest"
311,1004.70629882812,5.28145551681519,5,"forest"
312,910.898071289062,19.4073581695557,5,"forest"
313,845.60107421875,17.2748966217041,5,"forest"
314,893.048034667969,27.2443923950195,5,"forest"
315,1084.14453125,10.1770505905151,5,"forest"
316,1196.07556152344,20.5518436431885,7,"grassland"
317,1056.0087890625,12.3554973602295,7,"grassland"
318,933.517822265625,34.2390174865723,5,"forest"
319,961.575988769531,24.2522373199463,5,"forest"
320,1400.93823242188,10.7580299377441,5,"forest"
321,1489.94860839844,20.9402904510498,5,"forest"
322,1299.45666503906,18.9739246368408,5,"forest"
323,1028.3056640625,6.71165752410889,5,"forest"
324,826.950134277344,16.0890331268311,5,"forest"
325,653.421020507812,20.7038688659668,5,"forest"
326,561.370910644531,12.5406455993652,1,"water"
327,930.005981445312,23.6005058288574,5,"forest"
328,1116.03845214844,11.5464086532593,5,"forest"
329,907.097412109375,19.1292114257812,5,"forest"
330,683.575866699219,22.2661876678467,5,"forest"
331,586.7646484375,21.6823883056641,8,"fields_crops"
332,633.210754394531,24.8681716918945,5,"forest"
333,682.468811035156,22.6211929321289,7,"grassland"
334,719.776794433594,18.0313701629639,5,"forest"
335,821.113159179688,20.4647083282471,5,"forest"
336,1023.82049560547,14.2459363937378,5,"forest"
337,1307.89770507812,11.8160638809204,5,"forest"
338,1461.86962890625,19.1522102355957,5,"forest"
339,1257.26196289062,12.78244972229,5,"forest"
340,974.065979003906,19.6817283630371,5,"forest"
341,819.886901855469,29.4385318756104,5,"forest"
342,730.052185058594,26.3860931396484,5,"forest"
343,961.708129882812,30.8038387298584,5,"forest"
344,1281.89953613281,27.7879829406738,5,"forest"
345,1343.17395019531,17.8372192382812,7,"grassland"
346,1160.35913085938,34.2980918884277,7,"grassland"
347,916.82958984375,56.5398635864258,5,"forest"
348,826.5205078125,22.915620803833,5,"forest"
349,1190.54626464844,0,5,"forest"
350,1148.29272460938,0,5,"forest"
351,1151.52514648438,0,5,"forest"
352,940.951904296875,9.04703426361084,5,"forest"
353,708.190979003906,15.4034414291382,5,"forest"
354,576.236511230469,8.88172245025635,6,"shrubland"
355,585.115234375,23.4927005767822,5,"forest"
356,864.549865722656,19.7187671661377,5,"forest"
357,983.892333984375,37.524055480957,5,"forest"
358,859.808776855469,24.7540340423584,5,"forest"
359,705.107604980469,13.6163711547852,5,"forest"
360,615.267517089844,27.6547412872314,5,"forest"
361,652.818176269531,22.5048542022705,5,"forest"
362,809.966857910156,21.3543834686279,5,"forest"
363,850.826049804688,22.6962089538574,5,"forest"
364,839.579223632812,30.7238426208496,5,"forest"
365,959.678955078125,11.7720518112183,5,"forest"
366,1251.34765625,5.48777437210083,5,"forest"
367,1522.39697265625,21.3593597412109,5,"forest"
368,1414.8369140625,8.3509464263916,5,"forest"
369,1037.28967285156,13.6629667282104,5,"forest"
370,797.684936523438,15.6984748840332,5,"forest"
371,712.164794921875,13.1925992965698,5,"forest"
372,894.2578125,23.6323719024658,5,"forest"
373,1196.13635253906,44.0701484680176,5,"forest"
374,1337.26135253906,32.7175521850586,7,"grassland"
375,1147.50512695312,41.3696594238281,5,"forest"
376,929.75830078125,56.0805587768555,5,"forest"
377,833.360229492188,32.2046356201172,5,"forest"
378,1439.27990722656,0,5,"forest"
379,1167.53308105469,0,5,"forest"
380,1016.61657714844,4.43072605133057,5,"forest"
381,929.407775878906,1.49200928211212,5,"forest"
382,751.422790527344,23.0324573516846,5,"forest"
383,563.279541015625,16.7543716430664,5,"forest"
384,560.306884765625,20.0550994873047,6,"shrubland"
385,850.59521484375,37.7760200500488,5,"forest"
386,1006.53979492188,31.2210483551025,5,"forest"
387,925.955383300781,14.8116302490234,5,"forest"
388,745.110229492188,14.129976272583,5,"forest"
389,656.184509277344,8.43698787689209,5,"forest"
390,666.268737792969,28.5113620758057,7,"grassland"
391,938.819213867188,24.3613739013672,5,"forest"
392,1058.49621582031,15.4808807373047,5,"forest"
393,908.698547363281,20.3059520721436,5,"forest"
394,934.959289550781,26.0164413452148,5,"forest"
395,1062.08361816406,22.2191047668457,5,"forest"
396,1314.61071777344,33.6465530395508,5,"forest"
397,1415.142578125,15.562596321106,5,"forest"
398,1127.03552246094,16.8790416717529,5,"forest"
399,804.518737792969,12.3994960784912,5,"forest"
400,679.117980957031,19.545108795166,5,"forest"
401,846.073608398438,16.4388370513916,5,"forest"
402,1079.30358886719,27.8517189025879,5,"forest"
403,1193.08190917969,29.3124618530273,5,"forest"
404,1032.142578125,25.2060718536377,5,"forest"
405,846.961486816406,35.934700012207,5,"forest"
406,824.943603515625,17.745641708374,5,"forest"
407,1352.09765625,0,5,"forest"
408,1257.46740722656,0,5,"forest"
409,1164.04846191406,0,5,"forest"
410,879.560424804688,14.516489982605,5,"forest"
411,743.343383789062,13.9037160873413,5,"forest"
412,642.760864257812,37.7009620666504,5,"forest"
413,543.053344726562,16.4333209991455,1,"water"
414,812.716979980469,29.4717426300049,5,"forest"
415,1034.54431152344,24.4945869445801,5,"forest"
416,1111.22241210938,29.673620223999,5,"forest"
417,939.122192382812,9.64961051940918,5,"forest"
418,643.511901855469,19.5198020935059,5,"forest"
419,687.376647949219,20.8655185699463,8,"fields_crops"
420,965.497924804688,22.6106662750244,5,"forest"
421,928.583618164062,18.3730506896973,5,"forest"
422,821.867248535156,26.1292152404785,5,"forest"
423,1004.73846435547,13.5543012619019,5,"forest"
424,1154.05993652344,39.3368911743164,5,"forest"
425,1300.96740722656,21.8700733184814,5,"forest"
426,1332.90588378906,18.6946468353271,5,"forest"
427,1084.09094238281,33.5970726013184,5,"forest"
428,787.513488769531,8.87271118164062,5,"forest"
429,651.60986328125,21.1320133209229,7,"grassland"
430,756.075012207031,26.2602462768555,5,"forest"
431,963.563171386719,22.895923614502,5,"forest"
432,1090.62670898438,13.8375597000122,5,"forest"
433,968.560913085938,22.8993587493896,5,"forest"
434,800.150146484375,26.5009231567383,5,"forest"
435,794.561767578125,27.4106311798096,5,"forest"
436,1279.55969238281,0,5,"forest"
437,1158.87365722656,0,5,"forest"
438,1053.42492675781,0,5,"forest"
439,844.379577636719,17.201244354248,5,"forest"
440,711.365234375,19.7047653198242,5,"forest"
441,616.367858886719,11.550106048584,5,"forest"
442,538.428771972656,13.4087314605713,1,"water"
443,723.695739746094,30.0911693572998,6,"shrubland"
444,979.758422851562,33.2728691101074,5,"forest"
445,1139.1875,34.3653831481934,5,"forest"
446,1144.40893554688,17.2627735137939,5,"forest"
447,882.50146484375,7.20095157623291,5,"forest"
448,642.128479003906,19.6833190917969,8,"fields_crops"
449,708.799987792969,16.5452766418457,5,"forest"
450,752.662353515625,25.3453330993652,5,"forest"
451,817.870422363281,27.612377166748,5,"forest"
452,977.288696289062,19.8599967956543,5,"forest"
453,1177.03515625,10.1585454940796,5,"forest"
454,1305.73779296875,4.39040422439575,5,"forest"
455,1205.93041992188,40.0781860351562,5,"forest"
456,981.781616210938,29.4155616760254,5,"forest"
457,738.233947753906,23.9186668395996,5,"forest"
458,633.452209472656,20.5694370269775,8,"fields_crops"
459,666.169372558594,30.0428028106689,5,"forest"
460,804.870178222656,15.2172946929932,5,"forest"
461,965.856628417969,19.8108806610107,5,"forest"
462,1088.23693847656,10.069052696228,5,"forest"
463,953.858276367188,28.363805770874,5,"forest"
464,836.190307617188,30.1748809814453,5,"forest"
465,1429.3623046875,0,5,"forest"
466,1275.77661132812,0,5,"forest"
467,1057.67211914062,1.76022243499756,5,"forest"
468,906.547668457031,6.59129047393799,5,"forest"
469,727.048828125,7.16103982925415,5,"forest"
470,546.098510742188,20.4776592254639,5,"forest"
471,485.027770996094,17.3642063140869,1,"water"
472,633.767822265625,36.1624221801758,6,"shrubland"
473,880.336120605469,31.177978515625,5,"forest"
474,926.063537597656,28.9300079345703,5,"forest"
475,829.922607421875,16.4766845703125,5,"forest"
476,763.528686523438,21.9704704284668,5,"forest"
477,679.142456054688,17.8063564300537,5,"forest"
478,588.201721191406,26.8137893676758,5,"forest"
479,564.087341308594,47.2030029296875,5,"forest"
480,692.511474609375,41.5098304748535,5,"forest"
481,1013.07543945312,22.2413291931152,5,"forest"
482,1272.5205078125,22.0571460723877,5,"forest"
483,1227.36413574219,16.9436302185059,5,"forest"
484,1043.57727050781,39.9785232543945,5,"forest"
485,886.786071777344,25.3438186645508,5,"forest"
486,721.442932128906,25.7551670074463,5,"forest"
487,643.298889160156,16.6520099639893,8,"fields_crops"
488,634.013549804688,35.159610748291,5,"forest"
489,694.553955078125,23.0757751464844,5,"forest"
490,811.112731933594,19.7710094451904,5,"forest"
491,980.111022949219,27.4484615325928,5,"forest"
492,1004.04138183594,38.1102638244629,5,"forest"
493,860.107116699219,18.3020286560059,5,"forest"
494,1351.26098632812,0,5,"forest"
495,1048.08020019531,9.16443538665771,5,"forest"
496,827.868103027344,27.3349552154541,5,"forest"
497,792.603210449219,31.9855422973633,5,"forest"
498,715.100463867188,32.7809753417969,5,"forest"
499,582.293334960938,24.5112342834473,5,"forest"
500,501.803771972656,33.0977363586426,5,"forest"
501,663.081420898438,19.534086227417,6,"shrubland"
502,971.819091796875,15.82301902771,5,"forest"
503,936.774291992188,36.6874122619629,5,"forest"
504,965.594665527344,16.9112148284912,5,"forest"
505,995.54931640625,18.2007732391357,5,"forest"
506,826.9521484375,14.7344694137573,5,"forest"
507,779.62744140625,19.8510856628418,5,"forest"
508,632.139587402344,42.2799606323242,5,"forest"
509,622.930114746094,42.7886962890625,8,"fields_crops"
510,917.835632324219,18.8224048614502,5,"forest"
511,1154.60034179688,4.46460008621216,5,"forest"
512,1218.20715332031,33.6645622253418,5,"forest"
513,1109.16589355469,23.8138866424561,5,"forest"
514,929.1806640625,22.8953609466553,5,"forest"
515,768.665649414062,23.2242794036865,5,"forest"
516,679.175048828125,21.3812637329102,9,"wetlands"
517,671.189392089844,27.2949390411377,5,"forest"
518,653.479858398438,33.4454612731934,5,"forest"
519,670.299011230469,28.7555980682373,5,"forest"
520,766.390625,34.6748428344727,5,"forest"
521,917.674072265625,13.3130121231079,5,"forest"
522,975.279663085938,6.3552303314209,5,"forest"
523,1157.12133789062,23.7294807434082,5,"forest"
524,1049.12756347656,35.2767562866211,5,"forest"
525,931.952880859375,33.2645149230957,5,"forest"
526,828.898193359375,29.4150257110596,5,"forest"
527,767.917358398438,36.1408767700195,5,"forest"
528,689.763427734375,37.5355186462402,5,"forest"
529,561.642700195312,29.0404319763184,5,"forest"
530,695.562805175781,26.536792755127,5,"forest"
531,980.038208007812,28.0375785827637,5,"forest"
532,1081.63647460938,18.102689743042,5,"forest"
533,1145.1728515625,18.2841377258301,5,"forest"
534,1034.55395507812,10.7613325119019,5,"forest"
535,808.579956054688,24.9326057434082,5,"forest"
536,684.245422363281,33.488525390625,5,"forest"
537,586.679626464844,23.1327075958252,6,"shrubland"
538,572.445739746094,20.3996105194092,8,"fields_crops"
539,729.683410644531,16.9127521514893,5,"forest"
540,921.807067871094,22.7382926940918,5,"forest"
541,1128.73095703125,15.5697937011719,5,"forest"
542,1181.01818847656,22.3971042633057,5,"forest"
543,1106.73303222656,9.49045085906982,5,"forest"
544,949.10546875,15.8793630599976,5,"forest"
545,775.075561523438,13.5855331420898,5,"forest"
546,772.3115234375,28.5400981903076,5,"forest"
547,795.714538574219,26.4841709136963,5,"forest"
548,792.104858398438,30.7206707000732,5,"forest"
549,764.119323730469,27.4166049957275,5,"forest"
550,730.372619628906,51.6245040893555,5,"forest"
551,791.505126953125,14.1592950820923,5,"forest"
552,967.95947265625,29.1886005401611,5,"forest"
553,1027.03234863281,34.3180809020996,5,"forest"
554,957.117309570312,25.3933696746826,5,"forest"
555,893.853759765625,21.3665943145752,5,"forest"
556,746.709350585938,29.0792236328125,5,"forest"
557,636.356323242188,21.724193572998,5,"forest"
558,588.690612792969,20.1339721679688,5,"forest"
559,781.748046875,15.9678611755371,5,"forest"
560,935.600952148438,9.26718902587891,5,"forest"
561,1167.57385253906,21.5786190032959,5,"forest"
562,1313.4306640625,9.32404708862305,5,"forest"
563,1057.4580078125,30.5398406982422,5,"forest"
564,814.374328613281,24.7910671234131,5,"forest"
565,668.812194824219,25.5402202606201,5,"forest"
566,587.031921386719,20.7215347290039,5,"forest"
567,635.695495605469,28.9675025939941,8,"fields_crops"
568,737.0244140625,14.1331033706665,5,"forest"
569,877.888549804688,26.3779201507568,5,"forest"
570,1045.14147949219,15.3173570632935,5,"forest"
571,1149.52307128906,29.7830677032471,5,"forest"
572,1146.57397460938,19.6784973144531,5,"forest"
573,963.753601074219,6.31093263626099,5,"forest"
574,777.239685058594,31.7217273712158,5,"forest"
575,777.788696289062,21.4672565460205,5,"forest"
576,806.765319824219,26.8060131072998,5,"forest"
577,770.550170898438,30.6515159606934,5,"forest"
578,730.589904785156,33.0887832641602,5,"forest"
579,695.691589355469,95.9453659057617,5,"forest"
580,694.822387695312,47.5462455749512,5,"forest"
581,935.541687011719,24.1052913665771,5,"forest"
582,1029.30163574219,26.7421188354492,5,"forest"
583,938.782165527344,36.7861404418945,5,"forest"
584,953.733032226562,20.386999130249,5,"forest"
585,749.523620605469,27.6570415496826,5,"forest"
586,527.082275390625,31.7170791625977,6,"shrubland"
587,545.032836914062,26.8094806671143,5,"forest"
588,725.763549804688,13.1305637359619,6,"shrubland"
589,901.815185546875,7.61379480361938,5,"forest"
590,1149.57189941406,5.83769845962524,5,"forest"
591,1210.82641601562,0.923172533512115,5,"forest"
592,1015.04180908203,16.3735580444336,5,"forest"
593,907.024108886719,8.16744422912598,5,"forest"
594,726.793029785156,7.9936957359314,5,"forest"
595,598.546997070312,16.3516407012939,5,"forest"
596,623.379638671875,34.5700073242188,6,"shrubland"
597,778.485168457031,19.681116104126,5,"forest"
598,900.527465820312,8.63791465759277,5,"forest"
599,901.391296386719,24.8402538299561,5,"forest"
600,862.217407226562,33.075267791748,5,"forest"
601,832.055419921875,32.1386947631836,5,"forest"
602,780.956604003906,21.9800033569336,5,"forest"
603,753.28173828125,41.162281036377,5,"forest"
604,765.328979492188,33.6975364685059,5,"forest"
605,757.871826171875,29.2397594451904,5,"forest"
606,728.159606933594,36.4261665344238,5,"forest"
607,716.257507324219,29.7210445404053,5,"forest"
608,728.157653808594,24.0440063476562,5,"forest"
609,778.126892089844,38.2064819335938,5,"forest"
610,868.414123535156,25.6183471679688,5,"forest"
611,890.14306640625,25.5585594177246,5,"forest"
612,821.170532226562,27.9084243774414,5,"forest"
613,856.248413085938,8.82210445404053,5,"forest"
614,725.598205566406,12.4994592666626,5,"forest"
615,512.295532226562,22.1163024902344,5,"forest"
616,567.458618164062,20.3189086914062,5,"forest"
617,728.143005371094,9.82093143463135,6,"shrubland"
618,872.084533691406,9.34926319122314,5,"forest"
619,1070.41796875,6.42920541763306,5,"forest"
620,1073.67370605469,0,5,"forest"
621,889.85205078125,6.34427070617676,5,"forest"
622,774.685852050781,18.7196769714355,5,"forest"
623,657.645080566406,14.6068859100342,5,"forest"
624,628.014099121094,19.8399677276611,5,"forest"
625,701.371765136719,19.3507518768311,5,"forest"
626,770.16845703125,15.2430381774902,5,"forest"
627,827.614074707031,42.3000831604004,5,"forest"
628,893.191772460938,39.0865287780762,5,"forest"
629,871.975402832031,18.8828163146973,5,"forest"
630,755.042724609375,20.3291873931885,5,"forest"
631,722.131164550781,30.2236385345459,5,"forest"
632,777.750122070312,23.3764781951904,5,"forest"
633,774.982666015625,28.60622215271,5,"forest"
634,741.982727050781,22.6452655792236,5,"forest"
635,768.238037109375,23.2040462493896,5,"forest"
636,780.332336425781,26.9242343902588,5,"forest"
637,736.436767578125,37.8136787414551,5,"forest"
638,835.316162109375,22.2188243865967,5,"forest"
639,816.210510253906,10.1735706329346,5,"forest"
640,792.288879394531,10.3644285202026,5,"forest"
641,764.9462890625,5.52042531967163,5,"forest"
642,718.479553222656,22.079761505127,5,"forest"
643,649.953430175781,5.01988410949707,6,"shrubland"
644,527.511962890625,8.68733024597168,1,"water"
645,632.291320800781,14.3853435516357,6,"shrubland"
646,872.697143554688,7.93455076217651,6,"shrubland"
647,1036.6416015625,6.59324741363525,5,"forest"
648,1008.91571044922,8.70576572418213,5,"forest"
649,911.41748046875,3.72392821311951,5,"forest"
650,870.6044921875,6.48188066482544,5,"forest"
651,821.464782714844,7.53686904907227,5,"forest"
652,691.544616699219,17.5470008850098,5,"forest"
653,652.114624023438,21.8974132537842,5,"forest"
654,702.099731445312,24.3501892089844,5,"forest"
655,759.580322265625,26.7439270019531,5,"forest"
656,804.649475097656,10.7019996643066,5,"forest"
657,832.737243652344,18.5580978393555,5,"forest"
658,837.635131835938,15.4303846359253,5,"forest"
659,751.903686523438,15.7755527496338,5,"forest"
660,699.489196777344,18.747278213501,5,"forest"
661,740.696594238281,34.6996574401855,5,"forest"
662,763.757873535156,21.2560214996338,5,"forest"
663,750.493713378906,26.571195602417,5,"forest"
664,793.500427246094,18.8239326477051,5,"forest"
665,826.116516113281,25.072078704834,5,"forest"
666,765.425659179688,28.2274169921875,5,"forest"
667,863.819152832031,32.2408218383789,5,"forest"
668,780.081604003906,17.9865016937256,5,"forest"
669,695.546936035156,19.4359722137451,5,"forest"
670,620.703247070312,31.395866394043,5,"forest"
671,594.914916992188,13.1010284423828,5,"forest"
672,494.759033203125,10.0349388122559,5,"forest"
673,497.951110839844,7.71658182144165,5,"forest"
674,643.785400390625,10.106595993042,6,"shrubland"
675,848.870483398438,15.6891489028931,5,"forest"
676,1076.68811035156,9.74574565887451,5,"forest"
677,1076.06701660156,0,5,"forest"
678,866.754150390625,3.58076906204224,5,"forest"
679,759.157958984375,14.9340219497681,5,"forest"
680,727.402282714844,13.5004892349243,5,"forest"
681,678.065063476562,21.9976787567139,5,"forest"
682,667.067321777344,37.829158782959,5,"forest"
683,723.5771484375,17.6363143920898,5,"forest"
684,772.110229492188,36.7727966308594,5,"forest"
685,774.015014648438,26.2597770690918,5,"forest"
686,752.168823242188,16.4584732055664,5,"forest"
687,710.104675292969,21.6645164489746,8,"fields_crops"
688,687.473876953125,21.0568943023682,5,"forest"
689,654.000854492188,26.2242774963379,5,"forest"
690,642.496459960938,32.3663787841797,5,"forest"
691,635.46630859375,22.331636428833,5,"forest"
692,673.423583984375,25.697868347168,5,"forest"
693,858.635375976562,25.1891250610352,5,"forest"
694,981.020202636719,39.2939529418945,5,"forest"
695,870.491333007812,24.3714237213135,5,"forest"
696,758.009033203125,40.296272277832,5,"forest"
697,952.240844726562,26.6326866149902,5,"forest"
698,824.039489746094,34.1168403625488,5,"forest"
699,532.496643066406,22.8146152496338,5,"forest"
700,500.607574462891,15.6709175109863,5,"forest"
701,578.626403808594,10.0670003890991,5,"forest"
702,583.257202148438,15.7162351608276,5,"forest"
703,706.165344238281,14.5998601913452,6,"shrubland"
704,971.080383300781,26.4304103851318,5,"forest"
705,1141.29333496094,5.72188329696655,5,"forest"
706,1034.60827636719,1.93284392356873,5,"forest"
707,847.213928222656,10.5212230682373,5,"forest"
708,742.020263671875,16.7424163818359,5,"forest"
709,740.650024414062,15.9064083099365,5,"forest"
710,724.423889160156,19.5272083282471,5,"forest"
711,657.564697265625,29.9452514648438,5,"forest"
712,699.237487792969,26.8673629760742,6,"shrubland"
713,803.732849121094,26.394401550293,5,"forest"
714,768.675842285156,35.8269271850586,5,"forest"
715,698.872985839844,34.8764305114746,7,"grassland"
716,673.7568359375,22.5062446594238,8,"fields_crops"
717,673.031677246094,30.5712966918945,6,"shrubland"
718,640.586303710938,25.0015754699707,5,"forest"
719,603.867492675781,33.2927131652832,5,"forest"
720,619.888793945312,22.7399864196777,5,"forest"
721,691.061462402344,28.3303031921387,5,"forest"
722,827.174926757812,24.6243782043457,5,"forest"
723,877.228149414062,28.052095413208,5,"forest"
724,832.22314453125,29.1541996002197,5,"forest"
725,841.751647949219,24.6320552825928,5,"forest"
726,960.033752441406,28.3280162811279,5,"forest"
727,960.254577636719,25.2301788330078,5,"forest"
728,666.136352539062,18.3243732452393,5,"forest"
729,562.678161621094,12.4466352462769,5,"forest"
730,681.997802734375,30.3814029693604,5,"forest"
731,647.150695800781,9.86221027374268,5,"forest"
732,721.815612792969,26.3591022491455,6,"shrubland"
733,918.425476074219,29.0153369903564,5,"forest"
734,943.815490722656,58.935977935791,5,"forest"
735,896.743896484375,43.5517425537109,5,"forest"
736,817.573608398438,21.1311206817627,5,"forest"
737,773.155578613281,28.2052955627441,5,"forest"
738,768.292419433594,19.1962585449219,5,"forest"
739,716.883483886719,17.7421531677246,5,"forest"
740,649.7421875,19.2713489532471,6,"shrubland"
741,738.129699707031,25.5625343322754,5,"forest"
742,820.426147460938,19.6029949188232,5,"forest"
743,727.095581054688,20.4977703094482,5,"forest"
744,667.903991699219,19.8554344177246,8,"fields_crops"
745,658.289123535156,53.9720611572266,8,"fields_crops"
746,659.154907226562,50.200798034668,6,"shrubland"
747,630.571899414062,30.673656463623,5,"forest"
748,629.565002441406,39.3818054199219,5,"forest"
749,667.016540527344,26.4816436767578,6,"shrubland"
750,739.675231933594,17.4993133544922,5,"forest"
751,920.957702636719,7.53852319717407,5,"forest"
752,1046.58654785156,11.3433780670166,5,"forest"
753,1102.69152832031,26.6570720672607,5,"forest"
754,1086.8017578125,6.77078485488892,5,"forest"
755,778.247253417969,22.3159828186035,6,"shrubland"
756,961.188842773438,24.7214241027832,5,"forest"
757,747.757629394531,17.8309593200684,5,"forest"
758,539.808044433594,17.4320888519287,5,"forest"
759,616.866394042969,32.1984519958496,6,"shrubland"
760,587.167358398438,29.6390399932861,6,"shrubland"
761,580.365844726562,24.363037109375,6,"shrubland"
762,730.623046875,33.8955307006836,6,"shrubland"
763,820.683654785156,40.4030990600586,5,"forest"
764,805.9345703125,27.6123847961426,5,"forest"
765,757.02294921875,20.0012950897217,5,"forest"
766,740.438171386719,24.2387065887451,5,"forest"
767,706.171752929688,18.7127628326416,5,"forest"
768,623.012023925781,19.9921035766602,6,"shrubland"
769,634.144165039062,28.7666187286377,5,"forest"
770,787.963439941406,26.2549419403076,5,"forest"
771,807.931579589844,15.8131284713745,5,"forest"
772,702.589294433594,31.0938148498535,5,"forest"
773,657.377319335938,25.1024379730225,7,"grassland"
774,643.8876953125,36.2823715209961,6,"shrubland"
775,636.439270019531,45.639102935791,6,"shrubland"
776,610.239440917969,33.3302955627441,5,"forest"
777,603.650390625,37.6483879089355,5,"forest"
778,646.971496582031,25.0882930755615,6,"shrubland"
779,768.919189453125,20.8309745788574,5,"forest"
780,1053.73864746094,16.9048233032227,5,"forest"
781,1301.92517089844,31.9438095092773,5,"forest"
782,1195.70043945312,60.2351913452148,5,"forest"
783,984.942321777344,40.4158172607422,5,"forest"
784,597.209167480469,14.4388551712036,6,"shrubland"
785,838.976135253906,35.8140258789062,6,"shrubland"
786,747.127380371094,29.81223487854,5,"forest"
787,532.272583007812,23.3312950134277,7,"grassland"
788,519.832397460938,38.7310447692871,6,"shrubland"
789,611.195251464844,26.6476802825928,6,"shrubland"
790,603.916381835938,26.40305519104,6,"shrubland"
791,572.344543457031,25.2969646453857,6,"shrubland"
792,692.2275390625,35.341854095459,5,"forest"
793,762.173278808594,23.67458152771,5,"forest"
794,738.668823242188,19.3265209197998,5,"forest"
795,671.626342773438,14.8425540924072,5,"forest"
796,594.609802246094,27.3414726257324,5,"forest"
797,569.207458496094,29.7738246917725,6,"shrubland"
798,702.623840332031,14.6169509887695,5,"forest"
799,724.596435546875,7.054030418396,5,"forest"
800,680.192565917969,29.1932773590088,5,"forest"
801,737.105346679688,34.3843421936035,5,"forest"
802,689.017822265625,26.5028800964355,5,"forest"
803,641.014831542969,22.4869823455811,8,"fields_crops"
804,617.129638671875,38.6284980773926,6,"shrubland"
805,585.99267578125,34.0801010131836,6,"shrubland"
806,586.162475585938,49.1852035522461,5,"forest"
807,630.248718261719,20.9855403900146,5,"forest"
808,736.259704589844,23.8914108276367,5,"forest"
809,939.7529296875,15.0921382904053,5,"forest"
810,1139.00646972656,28.056999206543,5,"forest"
811,1206.86071777344,31.200569152832,5,"forest"
812,1057.19458007812,37.7546730041504,5,"forest"
813,555.143798828125,10.2283630371094,6,"shrubland"
814,646.44970703125,16.4153099060059,6,"shrubland"
815,671.580383300781,18.0112342834473,7,"grassland"
816,546.540832519531,21.135196685791,7,"grassland"
817,577.526062011719,28.187557220459,6,"shrubland"
818,717.573181152344,23.324743270874,8,"fields_crops"
819,674.063598632812,29.6347103118896,8,"fields_crops"
820,565.530334472656,21.5983409881592,6,"shrubland"
821,652.621337890625,34.1218414306641,7,"grassland"
822,759.576232910156,27.3651676177979,7,"grassland"
823,761.944641113281,32.9221801757812,5,"forest"
824,692.31591796875,26.7235679626465,5,"forest"
825,591.520080566406,25.3614292144775,6,"shrubland"
826,561.974182128906,13.9393539428711,6,"shrubland"
827,658.900573730469,28.3006706237793,6,"shrubland"
828,635.912414550781,22.8919315338135,6,"shrubland"
829,571.723205566406,37.2465286254883,5,"forest"
830,655.067260742188,23.8644065856934,6,"shrubland"
831,693.835266113281,24.5421714782715,5,"forest"
832,675.866638183594,24.5552101135254,6,"shrubland"
833,650.665466308594,23.1630668640137,6,"shrubland"
834,597.136169433594,43.5589485168457,8,"fields_crops"
835,583.186584472656,46.9206733703613,6,"shrubland"
836,622.282958984375,19.4404964447021,8,"fields_crops"
837,693.568542480469,29.4187927246094,6,"shrubland"
838,801.406616210938,40.4694900512695,5,"forest"
839,898.729675292969,16.764331817627,5,"forest"
840,1020.90704345703,34.3950729370117,5,"forest"
841,1059.77111816406,55.3788185119629,5,"forest"
842,700.608947753906,9.92742729187012,8,"fields_crops"
843,606.94384765625,14.3569679260254,6,"shrubland"
844,514.474975585938,16.7180519104004,6,"shrubland"
845,504.31396484375,26.6376171112061,1,"water"
846,624.925720214844,26.9698524475098,6,"shrubland"
847,736.778076171875,6.73004388809204,6,"shrubland"
848,725.832458496094,25.2827777862549,8,"fields_crops"
849,597.0478515625,32.2625846862793,7,"grassland"
850,547.033325195312,27.1237621307373,7,"grassland"
851,628.515441894531,19.9931316375732,7,"grassland"
852,623.206848144531,23.4620628356934,6,"shrubland"
853,565.606811523438,25.6985416412354,6,"shrubland"
854,527.487365722656,28.7849788665771,8,"fields_crops"
855,532.231994628906,26.9757881164551,6,"shrubland"
856,553.020324707031,26.5849456787109,6,"shrubland"
857,604.890502929688,25.7716045379639,6,"shrubland"
858,595.116516113281,26.9566097259521,6,"shrubland"
859,564.713073730469,55.452995300293,6,"shrubland"
860,648.67626953125,28.5944633483887,2,"lowdevelop"
861,713.9736328125,23.2852439880371,5,"forest"
862,671.563232421875,28.8111095428467,6,"shrubland"
863,584.919555664062,75.0400390625,6,"shrubland"
864,584.783447265625,60.9599456787109,2,"lowdevelop"
865,646.211853027344,35.3602142333984,8,"fields_crops"
866,664.770935058594,26.7742862701416,6,"shrubland"
867,757.585632324219,23.7190074920654,5,"forest"
868,795.584716796875,18.5605945587158,5,"forest"
869,803.720947265625,51.3165054321289,5,"forest"
870,824.711059570312,29.5188312530518,5,"forest"
871,748.862365722656,11.9279756546021,8,"fields_crops"
872,684.949096679688,11.243673324585,6,"shrubland"
873,599.526672363281,36.191520690918,6,"shrubland"
874,588.852844238281,25.2558212280273,6,"shrubland"
875,595.074096679688,22.8114051818848,6,"shrubland"
876,642.484924316406,6.87194919586182,6,"shrubland"
877,721.609924316406,9.93935394287109,8,"fields_crops"
878,672.787292480469,26.8089084625244,7,"grassland"
879,540.530456542969,26.5893020629883,6,"shrubland"
880,547.439086914062,28.0200328826904,7,"grassland"
881,635.04541015625,16.4330711364746,6,"shrubland"
882,627.276733398438,19.484691619873,6,"shrubland"
883,617.260437011719,19.1115875244141,6,"shrubland"
884,658.081298828125,13.4897041320801,8,"fields_crops"
885,653.107238769531,16.6614933013916,8,"fields_crops"
886,703.427612304688,17.1645679473877,6,"shrubland"
887,704.740295410156,23.6834316253662,6,"shrubland"
888,625.896362304688,30.5515365600586,6,"shrubland"
889,567.6435546875,42.0259552001953,5,"forest"
890,603.374328613281,18.1355247497559,6,"shrubland"
891,616.882202148438,19.0300731658936,6,"shrubland"
892,572.605102539062,109.306777954102,2,"lowdevelop"
893,569.266235351562,95.335090637207,2,"lowdevelop"
894,590.759460449219,20.59814453125,8,"fields_crops"
895,641.33203125,22.695837020874,8,"fields_crops"
896,752.664123535156,34.4314613342285,8,"fields_crops"
897,758.696472167969,36.5037536621094,5,"forest"
898,709.408508300781,31.6655197143555,5,"forest"
899,710.829223632812,58.8839569091797,5,"forest"
900,737.886108398438,8.60726451873779,8,"fields_crops"
901,720.077270507812,9.8106746673584,6,"shrubland"
902,705.470947265625,10.4329357147217,6,"shrubland"
903,719.028076171875,16.9669914245605,8,"fields_crops"
904,681.494018554688,21.9762287139893,7,"grassland"
905,666.17138671875,5.20614862442017,6,"shrubland"
906,739.338439941406,9.84724140167236,8,"fields_crops"
907,727.835815429688,20.4010848999023,6,"shrubland"
908,667.247924804688,8.16528129577637,8,"fields_crops"
909,674.539916992188,16.3827896118164,7,"grassland"
910,724.249633789062,14.4094696044922,8,"fields_crops"
911,705.711242675781,15.2380132675171,8,"fields_crops"
912,714.306762695312,14.2876424789429,8,"fields_crops"
913,761.544555664062,16.0078506469727,8,"fields_crops"
914,766.646606445312,15.8142099380493,8,"fields_crops"
915,742.7578125,22.2785739898682,8,"fields_crops"
916,725.9091796875,22.486743927002,6,"shrubland"
917,695.064575195312,13.588418006897,6,"shrubland"
918,609.430297851562,19.0497913360596,6,"shrubland"
919,573.834228515625,59.406135559082,5,"forest"
920,604.150329589844,86.6074523925781,2,"lowdevelop"
921,603.944152832031,137.630874633789,2,"lowdevelop"
922,617.618286132812,56.9980545043945,2,"lowdevelop"
923,644.177734375,25.9652576446533,6,"shrubland"
924,681.492614746094,20.2875881195068,8,"fields_crops"
925,773.453430175781,24.2936611175537,8,"fields_crops"
926,792.523193359375,25.4374160766602,6,"shrubland"
927,711.412536621094,39.1581840515137,6,"shrubland"
928,662.425170898438,39.346752166748,6,"shrubland"
